{"cameraMode":{"drawMode":0,"name":"Shaded","section":"Shading Mode"},"sceneLighting":false,"audioPlay":false,"sceneViewState":{"showFog":true,"showMaterialUpdate":false,"showSkybox":false,"showFlares":true,"showImageEffects":true,"showParticleSystems":true},"in2DMode":false,"pivot":{"x":11.279447555541993,"y":7.849665641784668,"z":9.257352828979493},"rotation":{"x":-0.16638901829719544,"y":0.5975608825683594,"z":-0.12849731743335725,"w":-0.7737787961959839},"size":5.590125560760498,"orthographic":false}