{"cameraMode":{"drawMode":0,"name":"Shaded","section":"Shading Mode"},"sceneLighting":false,"audioPlay":false,"sceneViewState":{"showFog":true,"showMaterialUpdate":false,"showSkybox":false,"showFlares":true,"showImageEffects":true,"showParticleSystems":true},"in2DMode":false,"pivot":{"x":0.3314549922943115,"y":1.0263011455535889,"z":0.0631476640701294},"rotation":{"x":0.12723608314990998,"y":0.5775368809700012,"z":-0.09172169864177704,"w":0.801156222820282},"size":1.3578839302062989,"orthographic":false}