{"cameraMode":{"drawMode":0,"name":"Shaded","section":"Shading Mode"},"sceneLighting":false,"audioPlay":false,"sceneViewState":{"showFog":true,"showMaterialUpdate":false,"showSkybox":false,"showFlares":true,"showImageEffects":true,"showParticleSystems":true},"in2DMode":false,"pivot":{"x":11.279447555541993,"y":7.949665069580078,"z":9.257352828979493},"rotation":{"x":-0.17022143304347993,"y":0.7425061464309692,"z":-0.20574255287647248,"w":-0.6143153309822083},"size":2.8578834533691408,"orthographic":false}